{
    "5": {
        "best_params": {
            "t": 1952.9820179179833,
            "t_min": 2.0729619625011555,
            "alpha": 0.49244739749486455,
            "max_iterations": 671,
            "window_size": 9
        },
        "best_value": 22.756000000000004
    },
    "6": {
        "best_params": {
            "t": 1357.28923686251,
            "t_min": 1.5192433313143074,
            "alpha": 0.47179157176828435,
            "max_iterations": 788,
            "window_size": 10
        },
        "best_value": 25.331999999999997
    },
    "7": {
        "best_params": {
            "t": 1400.9059605083737,
            "t_min": 2.621501239521597,
            "alpha": 0.48768499671968457,
            "max_iterations": 1125,
            "window_size": 12
        },
        "best_value": 28.864
    },
    "8": {
        "best_params": {
            "t": 1880.1729163727928,
            "t_min": 2.915197423362365,
            "alpha": 0.49680772059842315,
            "max_iterations": 1170,
            "window_size": 11
        },
        "best_value": 32.544000000000004
    },
    "9": {
        "best_params": {
            "t": 1996.3830300225882,
            "t_min": 1.5319955846737534,
            "alpha": 0.49932319008164955,
            "max_iterations": 1462,
            "window_size": 16
        },
        "best_value": 32.832
    },
    "10": {
        "best_params": {
            "t": 1925.9270475920994,
            "t_min": 2.2093642767583686,
            "alpha": 0.41444241805005044,
            "max_iterations": 1451,
            "window_size": 16
        },
        "best_value": 34.66
    },
    "11": {
        "best_params": {
            "t": 1482.0096961505728,
            "t_min": 1.6585775974546302,
            "alpha": 0.4728850225258128,
            "max_iterations": 950,
            "window_size": 17
        },
        "best_value": 37.74400000000001
    },
    "12": {
        "best_params": {
            "t": 1811.256652181288,
            "t_min": 2.1380077220325604,
            "alpha": 0.4718709077597318,
            "max_iterations": 1277,
            "window_size": 16
        },
        "best_value": 37.467999999999996
    },
    "13": {
        "best_params": {
            "t": 1650.7062619178091,
            "t_min": 1.8256668587858806,
            "alpha": 0.4879325218195855,
            "max_iterations": 1139,
            "window_size": 16
        },
        "best_value": 39.032
    },
    "14": {
        "best_params": {
            "t": 1007.0654914326137,
            "t_min": 1.9759850357475832,
            "alpha": 0.484769340789481,
            "max_iterations": 868,
            "window_size": 20
        },
        "best_value": 42.312000000000005
    },
    "15": {
        "best_params": {
            "t": 1114.9000646697812,
            "t_min": 2.841971674126394,
            "alpha": 0.4805920535089105,
            "max_iterations": 1175,
            "window_size": 20
        },
        "best_value": 44.184000000000005
    },
    "16": {
        "best_params": {
            "t": 1600.6935155527956,
            "t_min": 1.503144785407481,
            "alpha": 0.48203934534339543,
            "max_iterations": 729,
            "window_size": 6
        },
        "best_value": 40.292
    },
    "17": {
        "best_params": {
            "t": 1185.0712593244602,
            "t_min": 1.5933539847090368,
            "alpha": 0.48487679683033946,
            "max_iterations": 1196,
            "window_size": 16
        },
        "best_value": 41.636
    },
    "18": {
        "best_params": {
            "t": 1265.2984170945729,
            "t_min": 1.6359023362608567,
            "alpha": 0.48406467973298256,
            "max_iterations": 1328,
            "window_size": 15
        },
        "best_value": 44.104
    },
    "19": {
        "best_params": {
            "t": 1220.2012523763112,
            "t_min": 1.5197749101783875,
            "alpha": 0.44862991837619715,
            "max_iterations": 1353,
            "window_size": 16
        },
        "best_value": 47.644000000000005
    },
    "20": {
        "best_params": {
            "t": 1901.9362177117505,
            "t_min": 2.0471787854864427,
            "alpha": 0.4719961993539864,
            "max_iterations": 1342,
            "window_size": 19
        },
        "best_value": 44.488
    }
}