{
    "5": {
        "best_params": {
            "t": 1560.4923177769963,
            "t_min": 2.8149142127053435,
            "alpha": 0.4792188822049692,
            "max_iterations": 973,
            "window_size": 15
        },
        "best_value": 25.6
    },
    "6": {
        "best_params": {
            "t": 1633.06537729897,
            "t_min": 1.9748645431086158,
            "alpha": 0.47969267075835664,
            "max_iterations": 539,
            "window_size": 14
        },
        "best_value": 37.64
    },
    "7": {
        "best_params": {
            "t": 1121.7840024950747,
            "t_min": 1.769057790493294,
            "alpha": 0.44808937831636175,
            "max_iterations": 1222,
            "window_size": 12
        },
        "best_value": 48.32
    },
    "8": {
        "best_params": {
            "t": 1969.5247554418181,
            "t_min": 2.039728191980338,
            "alpha": 0.48926757955137,
            "max_iterations": 900,
            "window_size": 11
        },
        "best_value": 60.86
    },
    "9": {
        "best_params": {
            "t": 1232.1844984337604,
            "t_min": 1.8741879747249839,
            "alpha": 0.44958724387342197,
            "max_iterations": 949,
            "window_size": 12
        },
        "best_value": 74.2
    },
    "10": {
        "best_params": {
            "t": 1552.9688990717043,
            "t_min": 2.2454758209121914,
            "alpha": 0.4680562930789503,
            "max_iterations": 987,
            "window_size": 15
        },
        "best_value": 92.94
    }
}